ts,uptime_s,role,frames_total,kernel_drops,last_frame_age_s
1776114762,1158.2298342470003,brio-operator,32375.0,0.0,0.0057729349991859635
1776114762,1158.2298342470003,c920-desk,34730.0,0.0,0.030785893999563996
1776114762,1158.2298342470003,c920-room,34714.0,0.0,0.000796038999396842
1776114762,1158.2298342470003,c920-overhead,34719.0,0.0,0.0247406359994784
1776114762,1158.2298342470003,brio-room,34684.0,0.0,0.016067210000983323
1776114762,1158.2298342470003,brio-synths,34688.0,0.0,0.017683878000752884
1776114767,1163.2337184709995,brio-operator,32520.0,0.0,0.008353862998774275
1776114767,1163.2337184709995,c920-desk,34884.0,0.0,0.03311189899977762
1776114767,1163.2337184709995,c920-room,34869.0,0.0,0.0038181330000952585
1776114767,1163.2337184709995,c920-overhead,34873.0,0.0,0.03290202700009104
1776114767,1163.2337184709995,brio-room,34839.0,0.0,0.01895928199883201
1776114767,1163.2337184709995,brio-synths,34843.0,0.0,0.021822723998411675
1776114772,1168.2350141259994,brio-operator,32661.0,0.0,0.012149984999268781
1776114772,1168.2350141259994,c920-desk,35036.0,0.0,0.0007811979994585272
1776114772,1168.2350141259994,c920-room,35021.0,0.0,0.009664366998549667
1776114772,1168.2350141259994,c920-overhead,35025.0,0.0,0.03436447199965187
1776114772,1168.2350141259994,brio-room,34991.0,0.0,0.02102886399916315
1776114772,1168.2350141259994,brio-synths,34995.0,0.0,0.02335236999897461
1776114777,1173.241810165,brio-operator,32804.0,0.0,0.02738410600068164
1776114777,1173.241810165,c920-desk,35189.0,0.0,0.00501651599915931
1776114777,1173.241810165,c920-room,35173.0,0.0,0.01570541500041145
1776114777,1173.241810165,c920-overhead,35178.0,0.0,0.007134249999580788
1776114777,1173.241810165,brio-room,35143.0,0.0,0.02616185199985921
1776114777,1173.241810165,brio-synths,35147.0,0.0,0.02753156700055115
1776114782,1178.2425820869994,brio-operator,32945.0,0.0,0.03490895899994939
1776114782,1178.2425820869994,c920-desk,35340.0,0.0,0.009765879000042332
1776114782,1178.2425820869994,c920-room,35324.0,0.0,0.019396385998334154
1776114782,1178.2425820869994,c920-overhead,35329.0,0.0,0.011400286999560194
1776114782,1178.2425820869994,brio-room,35294.0,0.0,0.026923030000034487
1776114782,1178.2425820869994,brio-synths,35298.0,0.0,0.030415988998356625
1776114787,1183.2479119600011,brio-operator,33087.0,0.0,0.007853787001295132
1776114787,1183.2479119600011,c920-desk,35492.0,0.0,0.015110698001080891
1776114787,1183.2479119600011,c920-room,35476.0,0.0,0.02687154900013411
1776114787,1183.2479119600011,c920-overhead,35481.0,0.0,0.01736496300145518
1776114787,1183.2479119600011,brio-room,35446.0,0.0,0.0008920000000216532
1776114787,1183.2479119600011,brio-synths,35450.0,0.0,0.002696680001463392
1776114792,1188.2516365780011,brio-operator,33231.0,0.0,0.010090463001688477
1776114792,1188.2516365780011,c920-desk,35646.0,0.0,0.017690867000055732
1776114792,1188.2516365780011,c920-room,35631.0,0.0,0.02313849800157186
1776114792,1188.2516365780011,c920-overhead,35635.0,0.0,0.020822102000238374
1776114792,1188.2516365780011,brio-room,35601.0,0.0,0.0024494670014973963
1776114792,1188.2516365780011,brio-synths,35605.0,0.0,0.005497761001606705
1776114798,1194.2573555029994,brio-operator,33377.0,0.0,0.012729881998893688
1776114798,1194.2573555029994,c920-desk,35802.0,0.0,0.008307842999784043
1776114798,1194.2573555029994,c920-room,35786.0,0.0,0.032251968999844394
1776114798,1194.2573555029994,c920-overhead,35791.0,0.0,0.026555835998806288
1776114798,1194.2573555029994,brio-room,35757.0,0.0,0.008523084999978892
1776114798,1194.2573555029994,brio-synths,35761.0,0.0,0.009624027999961982
1776114803,1199.259626254001,brio-operator,33520.0,0.0,0.0150927380000212
1776114803,1199.259626254001,c920-desk,35956.0,0.0,0.01979598000070837
1776114803,1199.259626254001,c920-room,35941.0,0.0,0.0026468500000191852
1776114803,1199.259626254001,c920-overhead,35945.0,0.0,0.02449319300103525
1776114803,1199.259626254001,brio-room,35911.0,0.0,0.012260547000551014
1776114803,1199.259626254001,brio-synths,35915.0,0.0,0.01286140400043223
1776114808,1204.2615875640004,brio-operator,33664.0,0.0,0.015440361999935703
1776114808,1204.2615875640004,c920-desk,36110.0,0.0,0.024395611999352695
1776114808,1204.2615875640004,c920-room,36095.0,0.0,0.011014943000191124
1776114808,1204.2615875640004,c920-overhead,36099.0,0.0,0.03399757800070802
1776114808,1204.2615875640004,brio-room,36065.0,0.0,0.013944984999398002
1776114808,1204.2615875640004,brio-synths,36069.0,0.0,0.01593404699997336
1776114813,1209.2656118579998,brio-operator,33806.0,0.0,0.02448838199961756
1776114813,1209.2656118579998,c920-desk,36262.0,0.0,0.03126778699879651
1776114813,1209.2656118579998,c920-room,36247.0,0.0,0.015315779999582446
1776114813,1209.2656118579998,c920-overhead,36252.0,0.0,0.007938736998767126
1776114813,1209.2656118579998,brio-room,36217.0,0.0,0.01679336599954695
1776114813,1209.2656118579998,brio-synths,36221.0,0.0,0.020949902000211296
1776114818,1214.2695590950007,brio-operator,33947.0,0.0,0.027399083999625873
1776114818,1214.2695590950007,c920-desk,36413.0,0.0,0.0031099850002647145
1776114818,1214.2695590950007,c920-room,36398.0,0.0,0.021404388000519248
1776114818,1214.2695590950007,c920-overhead,36403.0,0.0,0.011853332000100636
1776114818,1214.2695590950007,brio-room,36368.0,0.0,0.020890652000161936
1776114818,1214.2695590950007,brio-synths,36372.0,0.0,0.0197869300009188
1776114823,1219.2727284049997,brio-operator,34088.0,0.0,0.03253466099886282
1776114823,1219.2727284049997,c920-desk,36565.0,0.0,0.004919125000014901
1776114823,1219.2727284049997,c920-room,36549.0,0.0,0.022453008999946178
1776114823,1219.2727284049997,c920-overhead,36554.0,0.0,0.01887482999882195
1776114823,1219.2727284049997,brio-room,36519.0,0.0,0.02232037799876707
1776114823,1219.2727284049997,brio-synths,36523.0,0.0,0.027775249000114854
1776114828,1224.2790267330001,brio-operator,34229.0,0.0,0.030139864999000565
1776114828,1224.2790267330001,c920-desk,36716.0,0.0,0.011636519999228767
1776114828,1224.2790267330001,c920-room,36701.0,0.0,0.032698363000235986
1776114828,1224.2790267330001,c920-overhead,36706.0,0.0,0.0241306589996384
1776114828,1224.2790267330001,brio-room,36671.0,0.0,0.031387359000291326
1776114828,1224.2790267330001,brio-synths,36675.0,0.0,0.03345408200038946
1776114833,1229.282677864001,brio-operator,34371.0,0.0,0.03351467300126387
1776114833,1229.282677864001,c920-desk,36868.0,0.0,0.01534908100074972
1776114833,1229.282677864001,c920-room,36853.0,0.0,0.005112837001433945
1776114833,1229.282677864001,c920-overhead,36858.0,0.0,0.029861402001188253
1776114833,1229.282677864001,brio-room,36823.0,0.0,0.004156447001150809
1776114833,1229.282677864001,brio-synths,36827.0,0.0,0.0065460730002087075
1776114838,1234.2937232700006,brio-operator,34513.0,0.0,0.0042203270004392834
1776114838,1234.2937232700006,c920-desk,37020.0,0.0,0.02554639400113956
1776114838,1234.2937232700006,c920-room,37005.0,0.0,0.018504866000512266
1776114838,1234.2937232700006,c920-overhead,37010.0,0.0,0.009081771000637673
1776114838,1234.2937232700006,brio-room,36975.0,0.0,0.014101406999543542
1776114838,1234.2937232700006,brio-synths,36979.0,0.0,0.016637124999761
1776114843,1239.2951075519995,brio-operator,34654.0,0.0,0.006374250999215292
1776114843,1239.2951075519995,c920-desk,37171.0,0.0,0.02629549199991743
1776114843,1239.2951075519995,c920-room,37156.0,0.0,0.021517178998692543
1776114843,1239.2951075519995,c920-overhead,37161.0,0.0,0.011985223000010592
1776114843,1239.2951075519995,brio-room,37126.0,0.0,0.014572071999282343
1776114843,1239.2951075519995,brio-synths,37130.0,0.0,0.0148931449984957
1776114848,1244.2982116860003,brio-operator,34795.0,0.0,0.013197206000768347
1776114848,1244.2982116860003,c920-desk,37323.0,0.0,0.030793650999839883
1776114848,1244.2982116860003,c920-room,37307.0,0.0,0.024436391000563162
1776114848,1244.2982116860003,c920-overhead,37312.0,0.0,0.01858741599971836
1776114848,1244.2982116860003,brio-room,37277.0,0.0,0.019201523000447196
1776114848,1244.2982116860003,brio-synths,37281.0,0.0,0.020602427999619977
1776114853,1249.2996476160006,brio-operator,34936.0,0.0,0.01726265199977206
1776114853,1249.2996476160006,c920-desk,37473.0,0.0,0.0011111130006611347
1776114853,1249.2996476160006,c920-room,37458.0,0.0,0.030933383000956383
1776114853,1249.2996476160006,c920-overhead,37463.0,0.0,0.021806782000567182
1776114853,1249.2996476160006,brio-room,37428.0,0.0,0.021439328000269597
1776114853,1249.2996476160006,brio-synths,37432.0,0.0,0.023374010001134593
1776114858,1254.3027172170005,brio-operator,35077.0,0.0,0.020389655999679235
1776114858,1254.3027172170005,c920-desk,37624.0,0.0,0.004277107000234537
1776114858,1254.3027172170005,c920-room,37609.0,0.0,0.0009699510010250378
1776114858,1254.3027172170005,c920-overhead,37614.0,0.0,0.0212589550010307
1776114858,1254.3027172170005,brio-room,37578.0,0.0,0.021413947000837652
1776114858,1254.3027172170005,brio-synths,37582.0,0.0,0.021665440001015668
1776114863,1259.30470882,brio-operator,35217.0,0.0,0.023781284000506275
1776114863,1259.30470882,c920-desk,37774.0,0.0,0.00480180299928179
1776114863,1259.30470882,c920-room,37759.0,0.0,0.0003170340005453909
1776114863,1259.30470882,c920-overhead,37764.0,0.0,0.027124730999275926
1776114863,1259.30470882,brio-room,37729.0,0.0,0.026193350000539795
1776114863,1259.30470882,brio-synths,37733.0,0.0,0.02803249099997629
1776114868,1264.3093655369994,brio-operator,35359.0,0.0,0.02539622199947189
1776114868,1264.3093655369994,c920-desk,37926.0,0.0,0.008795957999609527
1776114868,1264.3093655369994,c920-room,37911.0,0.0,0.006451041999753215
1776114868,1264.3093655369994,c920-overhead,37916.0,0.0,0.034264019999682205
1776114868,1264.3093655369994,brio-room,37881.0,0.0,0.026375822999398224
1776114868,1264.3093655369994,brio-synths,37885.0,0.0,0.026111789999049506
1776114873,1269.3109270429995,brio-operator,35500.0,0.0,0.02910656199856021
1776114873,1269.3109270429995,c920-desk,38077.0,0.0,0.012361486998997862
1776114873,1269.3109270429995,c920-room,38062.0,0.0,0.013649130998601322
1776114873,1269.3109270429995,c920-overhead,38067.0,0.0,0.0007767179995425977
1776114873,1269.3109270429995,brio-room,38032.0,0.0,0.03066565900007845
1776114873,1269.3109270429995,brio-synths,38036.0,0.0,0.0004936949990224093
1776114879,1275.312711695,brio-operator,35664.0,0.0,0.03079623099984019
1776114879,1275.312711695,c920-desk,38253.0,0.0,0.012215294998895843
1776114879,1275.312711695,c920-room,38238.0,0.0,0.014171676999467309
1776114879,1275.312711695,c920-overhead,38243.0,0.0,0.006417280999812647
1776114879,1275.312711695,brio-room,38208.0,0.0,0.03331583900035184
1776114879,1275.312711695,brio-synths,38212.0,0.0,0.001318573999014916
1776114884,1280.314211117,brio-operator,35807.0,0.0,0.0321614660006162
1776114884,1280.314211117,c920-desk,38407.0,0.0,0.012439828000424313
1776114884,1280.314211117,c920-room,38392.0,0.0,0.018880198998886044
1776114884,1280.314211117,c920-overhead,38397.0,0.0,0.005131796999194194
1776114884,1280.314211117,brio-room,38361.0,0.0,0.00014774199917155784
1776114884,1280.314211117,brio-synths,38365.0,0.0,0.0004414849991007941
1776114890,1285.3158683849997,brio-operator,35949.0,0.0,0.034578052998767816
1776114890,1285.3158683849997,c920-desk,38558.0,0.0,0.015825106000193045
1776114890,1285.3158683849997,c920-room,38543.0,0.0,0.018846938999558915
1776114890,1285.3158683849997,c920-overhead,38548.0,0.0,0.01026467399969988
1776114890,1285.3158683849997,brio-room,38513.0,0.0,0.003288486999736051
1776114890,1285.3158683849997,brio-synths,38517.0,0.0,0.00423528799910855
1776114895,1291.3180153409994,brio-operator,36094.0,0.0,0.03191674199842964
1776114895,1291.3180153409994,c920-desk,38714.0,0.0,0.019141961000059382
1776114895,1291.3180153409994,c920-room,38699.0,0.0,0.02396311499978765
1776114895,1291.3180153409994,c920-overhead,38704.0,0.0,0.013739690999500453
1776114895,1291.3180153409994,brio-room,38669.0,0.0,0.00665687299988349
1776114895,1291.3180153409994,brio-synths,38673.0,0.0,0.008116348999465117
1776114900,1296.3238680630002,brio-operator,36242.0,0.0,0.032118416000230354
1776114900,1296.3238680630002,c920-desk,38872.0,0.0,0.02240360799987684
1776114900,1296.3238680630002,c920-room,38858.0,0.0,0.03033100600077887
1776114900,1296.3238680630002,c920-overhead,38862.0,0.0,0.020468816999709816
1776114900,1296.3238680630002,brio-room,38827.0,0.0,0.008811498000795837
1776114900,1296.3238680630002,brio-synths,38831.0,0.0,0.010705209000661853
1776114905,1301.3406470419995,brio-operator,36384.0,0.0,0.009864889998425497
1776114905,1301.3406470419995,c920-desk,39025.0,0.0,0.009381013998790877
1776114905,1301.3406470419995,c920-room,39010.0,0.0,0.01652889299839444
1776114905,1301.3406470419995,c920-overhead,39015.0,0.0,0.010047361998658744
1776114905,1301.3406470419995,brio-room,38980.0,0.0,0.029340305000005173
1776114905,1301.3406470419995,brio-synths,38984.0,0.0,0.031229495998559287
1776114910,1306.342709001001,brio-operator,36525.0,0.0,0.016150989000379923
1776114910,1306.342709001001,c920-desk,39176.0,0.0,0.009091581001484883
1776114910,1306.342709001001,c920-room,39162.0,0.0,0.020253144000889733
1776114910,1306.342709001001,c920-overhead,39166.0,0.0,0.009728798000651295
1776114910,1306.342709001001,brio-room,39131.0,0.0,0.02989873099977558
1776114910,1306.342709001001,brio-synths,39135.0,0.0,0.027892187999896123
1776114915,1311.344548813,brio-operator,36668.0,0.0,0.016908046000025934
1776114915,1311.344548813,c920-desk,39328.0,0.0,0.010895229999732692
1776114915,1311.344548813,c920-room,39314.0,0.0,0.021703738999349298
1776114915,1311.344548813,c920-overhead,39318.0,0.0,0.01104893199953949
1776114915,1311.344548813,brio-room,39283.0,0.0,0.0305019560000801
1776114915,1311.344548813,brio-synths,39287.0,0.0,0.033366788000421366
1776114920,1316.3466109340006,brio-operator,36810.0,0.0,0.020452486000067438
1776114920,1316.3466109340006,c920-desk,39482.0,0.0,0.014670372000182397
1776114920,1316.3466109340006,c920-room,39467.0,0.0,0.02940275500077405
1776114920,1316.3466109340006,c920-overhead,39472.0,0.0,0.01964803699956974
1776114920,1316.3466109340006,brio-room,39436.0,0.0,0.0012818539998988854
1776114920,1316.3466109340006,brio-synths,39440.0,0.0,0.03652296300060698
1776114925,1321.354431904001,brio-operator,36955.0,0.0,0.028928190000442555
1776114925,1321.354431904001,c920-desk,39636.0,0.0,0.02189563200045086
1776114925,1321.354431904001,c920-room,39621.0,0.0,0.004812254001080873
1776114925,1321.354431904001,c920-overhead,39626.0,0.0,0.028450274001443177
1776114925,1321.354431904001,brio-room,39591.0,0.0,0.01057921700157749
1776114925,1321.354431904001,brio-synths,39595.0,0.0,0.011858911000672379
1776114930,1326.3557105569998,brio-operator,37095.0,0.0,0.028607385998839163
1776114930,1326.3557105569998,c920-desk,39787.0,0.0,0.02321517599921208
1776114930,1326.3557105569998,c920-room,39772.0,0.0,0.003919972999938182
1776114930,1326.3557105569998,c920-overhead,39777.0,0.0,0.028184860999317607
1776114930,1326.3557105569998,brio-room,39742.0,0.0,0.009692886998891481
1776114930,1326.3557105569998,brio-synths,39746.0,0.0,0.011207043999093003
1776114936,1331.3571351570008,brio-operator,37237.0,0.0,0.02658972300014284
1776114936,1331.3571351570008,c920-desk,39938.0,0.0,0.024600511000244296
1776114936,1331.3571351570008,c920-room,39924.0,0.0,0.006383269999787444
1776114936,1331.3571351570008,c920-overhead,39929.0,0.0,0.030481786001473665
1776114936,1331.3571351570008,brio-room,39893.0,0.0,0.007103028001438361
1776114936,1331.3571351570008,brio-synths,39897.0,0.0,0.006972896000661422
1776114941,1336.359707087,brio-operator,37377.0,0.0,0.028903808999530156
1776114941,1336.359707087,c920-desk,40089.0,0.0,0.02193819199965219
1776114941,1336.359707087,c920-room,40075.0,0.0,0.014483790000667796
1776114941,1336.359707087,c920-overhead,40080.0,0.0,0.0025146779989881907
1776114941,1336.359707087,brio-room,40044.0,0.0,0.0165233919997263
1776114941,1336.359707087,brio-synths,40048.0,0.0,0.017053327999747125
1776114946,1341.3608171369997,brio-operator,37519.0,0.0,0.03173777099982544
1776114946,1341.3608171369997,c920-desk,40241.0,0.0,0.02919239299990295
1776114946,1341.3608171369997,c920-room,40226.0,0.0,0.015488930999708828
1776114946,1341.3608171369997,c920-overhead,40231.0,0.0,0.003523768999002641
1776114946,1341.3608171369997,brio-room,40196.0,0.0,0.017419542999050464
1776114946,1341.3608171369997,brio-synths,40200.0,0.0,0.018504264999137376
1776114951,1347.3649663630003,brio-operator,37660.0,0.0,0.0028469709995988524
1776114951,1347.3649663630003,c920-desk,40392.0,0.0,0.03153731800011883
1776114951,1347.3649663630003,c920-room,40378.0,0.0,0.0188230570001906
1776114951,1347.3649663630003,c920-overhead,40382.0,0.0,0.011562067000340903
1776114951,1347.3649663630003,brio-room,40347.0,0.0,0.020349533999251435
1776114951,1347.3649663630003,brio-synths,40351.0,0.0,0.021623927999826265
1776114956,1352.368082725001,brio-operator,37801.0,0.0,0.004718662001323537
1776114956,1352.368082725001,c920-desk,40543.0,0.0,0.03603994700097246
1776114956,1352.368082725001,c920-room,40529.0,0.0,0.02578913400066085
1776114956,1352.368082725001,c920-overhead,40533.0,0.0,0.01208389300154522
1776114956,1352.368082725001,brio-room,40498.0,0.0,0.02303862400003709
1776114956,1352.368082725001,brio-synths,40502.0,0.0,0.023796242001481005
1776114961,1357.369901899001,brio-operator,37942.0,0.0,0.011065001001043129
1776114961,1357.369901899001,c920-desk,40694.0,0.0,0.0002253520015074173
1776114961,1357.369901899001,c920-room,40679.0,0.0,0.02839891300027375
1776114961,1357.369901899001,c920-overhead,40684.0,0.0,0.017480682001405512
1776114961,1357.369901899001,brio-room,40648.0,0.0,0.025963776000935468
1776114961,1357.369901899001,brio-synths,40652.0,0.0,0.026714224000897957
1776114966,1362.371409337,brio-operator,38083.0,0.0,0.017071857999326312
1776114966,1362.371409337,c920-desk,40845.0,0.0,0.0031832650001888396
1776114966,1362.371409337,c920-room,40831.0,0.0,0.028163470000436064
1776114966,1362.371409337,c920-overhead,40835.0,0.0,0.01975588799905381
1776114966,1362.371409337,brio-room,40799.0,0.0,0.02710592899893527
1776114966,1362.371409337,brio-synths,40803.0,0.0,0.029379573999904096
1776114971,1367.3740891840007,brio-operator,38225.0,0.0,0.019636646000435576
1776114971,1367.3740891840007,c920-desk,40997.0,0.0,0.005503180000232533
1776114971,1367.3740891840007,c920-room,40983.0,0.0,0.0008792500011622906
1776114971,1367.3740891840007,c920-overhead,40988.0,0.0,0.020288532999984454
1776114971,1367.3740891840007,brio-room,40952.0,0.0,0.02614128800087201
1776114971,1367.3740891840007,brio-synths,40956.0,0.0,0.02654416200130072
1776114976,1372.3917298329998,brio-operator,38370.0,0.0,0.03896533799888857
1776114976,1372.3917298329998,c920-desk,41152.0,0.0,0.018821247000232688
1776114976,1372.3917298329998,c920-room,41138.0,0.0,0.017429210998670897
1776114976,1372.3917298329998,c920-overhead,41143.0,0.0,0.009681405999799608
1776114976,1372.3917298329998,brio-room,41107.0,0.0,0.009898837999571697
1776114976,1372.3917298329998,brio-synths,41111.0,0.0,0.015185956999630434
1776114981,1377.396712611,brio-operator,38513.0,0.0,0.002660930000274675
1776114981,1377.396712611,c920-desk,41306.0,0.0,0.014908523999110912
1776114981,1377.396712611,c920-room,41292.0,0.0,0.02666448399941146
1776114981,1377.396712611,c920-overhead,41297.0,0.0,0.01637791100074537
1776114981,1377.396712611,brio-room,41261.0,0.0,0.015084405999004957
1776114981,1377.396712611,brio-synths,41265.0,0.0,0.02102755200030515
1776114986,1382.3985769110004,brio-operator,38654.0,0.0,0.011502097000629874
1776114986,1382.3985769110004,c920-desk,41457.0,0.0,0.02941811399978178
1776114986,1382.3985769110004,c920-room,41443.0,0.0,0.02834344199982297
1776114986,1382.3985769110004,c920-overhead,41447.0,0.0,0.01714275899939821
1776114986,1382.3985769110004,brio-room,41411.0,0.0,0.015550092000921723
1776114986,1382.3985769110004,brio-synths,41415.0,0.0,0.022151174000100582
1776114991,1387.401304477,brio-operator,38795.0,0.0,0.006166687999211717
1776114991,1387.401304477,c920-desk,41608.0,0.0,0.03190122100022563
1776114991,1387.401304477,c920-room,41594.0,0.0,0.03581332399880921
1776114991,1387.401304477,c920-overhead,41598.0,0.0,0.022081113000240293
1776114991,1387.401304477,brio-room,41562.0,0.0,0.019895068999176146
1776114991,1387.401304477,brio-synths,41566.0,0.0,0.02483814299921505
1776114996,1392.4078335039994,brio-operator,38936.0,0.0,0.011244233999605058
1776114996,1392.4078335039994,c920-desk,41759.0,0.0,0.004455579999557813
1776114996,1392.4078335039994,c920-room,41745.0,0.0,0.005991175999952247
1776114996,1392.4078335039994,c920-overhead,41750.0,0.0,0.032767230999525054
1776114996,1392.4078335039994,brio-room,41714.0,0.0,0.02624162899883231
1776114996,1392.4078335039994,brio-synths,41718.0,0.0,0.028293601999394014
1776115001,1397.409291932001,brio-operator,39078.0,0.0,0.013114605000737356
1776115001,1397.409291932001,c920-desk,41911.0,0.0,0.005761844000517158
1776115001,1397.409291932001,c920-room,41898.0,0.0,0.010360044001572533
1776115001,1397.409291932001,c920-overhead,41902.0,0.0,0.0023070360002748203
1776115001,1397.409291932001,brio-room,41866.0,0.0,0.027368941000531777
1776115001,1397.409291932001,brio-synths,41870.0,0.0,0.03170471900011762
1776115006,1402.410521052001,brio-operator,39219.0,0.0,0.015901145001407713
1776115006,1402.410521052001,c920-desk,42063.0,0.0,0.00913150100132043
1776115006,1402.410521052001,c920-room,42049.0,0.0,0.013289106000229367
1776115006,1402.410521052001,c920-overhead,42053.0,0.0,0.00443825900038064
1776115006,1402.410521052001,brio-room,42017.0,0.0,0.029102420001436258
1776115006,1402.410521052001,brio-synths,42021.0,0.0,0.03184079000129714
1776115011,1407.412002915,brio-operator,39361.0,0.0,0.010018200000558863
1776115011,1407.412002915,c920-desk,42214.0,0.0,0.009826137998970808
1776115011,1407.412002915,c920-room,42200.0,0.0,0.017304560000411584
1776115011,1407.412002915,c920-overhead,42205.0,0.0,0.006391670000084559
1776115011,1407.412002915,brio-room,42169.0,0.0,0.02921549100028642
1776115011,1407.412002915,brio-synths,42173.0,0.0,0.00011816100050054956
1776115016,1412.4144385670006,brio-operator,39501.0,0.0,0.013056554000286269
1776115016,1412.4144385670006,c920-desk,42365.0,0.0,0.01477670200074499
1776115016,1412.4144385670006,c920-room,42351.0,0.0,0.01973439700122981
1776115016,1412.4144385670006,c920-overhead,42356.0,0.0,0.010482265000973712
1776115016,1412.4144385670006,brio-room,42319.0,0.0,0.03401164400020207
1776115016,1412.4144385670006,brio-synths,42323.0,0.0,0.03614082700005383
1776115021,1417.4204106060006,brio-operator,39642.0,0.0,0.012772760001098504
1776115021,1417.4204106060006,c920-desk,42516.0,0.0,0.018040528000710765
1776115021,1417.4204106060006,c920-room,42502.0,0.0,0.026800884001204395
1776115021,1417.4204106060006,c920-overhead,42507.0,0.0,0.01776641499964171
1776115021,1417.4204106060006,brio-room,42471.0,0.0,0.006966545999603113
1776115021,1417.4204106060006,brio-synths,42475.0,0.0,0.012627349000467802
1776115027,1422.4224391400003,brio-operator,39784.0,0.0,0.010424354000861058
1776115027,1422.4224391400003,c920-desk,42668.0,0.0,0.016568450999329798
1776115027,1422.4224391400003,c920-room,42655.0,0.0,0.031182302000161144
1776115027,1422.4224391400003,c920-overhead,42659.0,0.0,0.017790014999263803
1776115027,1422.4224391400003,brio-room,42623.0,0.0,0.00914768000075128
1776115027,1422.4224391400003,brio-synths,42627.0,0.0,0.013208995000240975
1776115032,1427.4302265759998,brio-operator,39926.0,0.0,0.022939192000194453
1776115032,1427.4302265759998,c920-desk,42820.0,0.0,0.026669072998629417
1776115032,1427.4302265759998,c920-room,42806.0,0.0,0.008622643999842694
1776115032,1427.4302265759998,c920-overhead,42811.0,0.0,0.02987814799962507
1776115032,1427.4302265759998,brio-room,42774.0,0.0,0.01716882799883024
1776115032,1427.4302265759998,brio-synths,42778.0,0.0,0.02192456000011589
1776115037,1432.431252546001,brio-operator,40067.0,0.0,0.0195317840007192
1776115037,1432.431252546001,c920-desk,42971.0,0.0,0.027651763000903884
1776115037,1432.431252546001,c920-room,42957.0,0.0,0.009137910001300042
1776115037,1432.431252546001,c920-overhead,42962.0,0.0,0.0001498810015618801
1776115037,1432.431252546001,brio-room,42926.0,0.0,0.0178723760000139
1776115037,1432.431252546001,brio-synths,42930.0,0.0,0.021996031000526273
1776115042,1437.4327591,brio-operator,40208.0,0.0,0.012857611000072211
1776115042,1437.4327591,c920-desk,43122.0,0.0,0.0313405340002646
1776115042,1437.4327591,c920-room,43109.0,0.0,0.00766085400027805
1776115042,1437.4327591,c920-overhead,43113.0,0.0,0.0015000359999248758
1776115042,1437.4327591,brio-room,43077.0,0.0,0.01801681699907931
1776115042,1437.4327591,brio-synths,43081.0,0.0,0.023632508999071433
1776115047,1443.4349468710006,brio-operator,40351.0,0.0,0.01961437600039062
1776115047,1443.4349468710006,c920-desk,43276.0,0.0,0.0323926159999246
1776115047,1443.4349468710006,c920-room,43262.0,0.0,0.01479786300114938
1776115047,1443.4349468710006,c920-overhead,43267.0,0.0,0.007173869000325794
1776115047,1443.4349468710006,brio-room,43230.0,0.0,0.016094546999738668
1776115047,1443.4349468710006,brio-synths,43234.0,0.0,0.017118338000727817
1776115052,1448.45285865,brio-operator,40496.0,0.0,0.03402794300018286
1776115052,1448.45285865,c920-desk,43431.0,0.0,0.017857725999419927
1776115052,1448.45285865,c920-room,43417.0,0.0,0.0003340029998071259
1776115052,1448.45285865,c920-overhead,43422.0,0.0,0.02202864100036095
1776115052,1448.45285865,brio-room,43386.0,0.0,0.0006099170004745247
1776115052,1448.45285865,brio-synths,43390.0,0.0,7.569099943793844e-05
1776115057,1453.463928184001,brio-operator,40638.0,0.0,0.008694296000612667
1776115057,1453.463928184001,c920-desk,43584.0,0.0,0.02944680400105426
1776115057,1453.463928184001,c920-room,43570.0,0.0,0.013823122000758303
1776115057,1453.463928184001,c920-overhead,43575.0,0.0,0.004761973001222941
1776115057,1453.463928184001,brio-room,43538.0,0.0,0.018676315999982762
1776115057,1453.463928184001,brio-synths,43542.0,0.0,0.01986332800152013
1776115062,1458.4749233950006,brio-operator,40782.0,0.0,0.015148516000408563
1776115062,1458.4749233950006,c920-desk,43737.0,0.0,0.006421681000574608
1776115062,1458.4749233950006,c920-room,43724.0,0.0,0.029075909000312095
1776115062,1458.4749233950006,c920-overhead,43729.0,0.0,0.015536761000475963
1776115062,1458.4749233950006,brio-room,43692.0,0.0,0.029474704000676866
1776115062,1458.4749233950006,brio-synths,43696.0,0.0,0.029987179001182085
1776115067,1463.488517314001,brio-operator,40924.0,0.0,0.02624413800003822
1776115067,1463.488517314001,c920-desk,43890.0,0.0,0.020328073000200675
1776115067,1463.488517314001,c920-room,43877.0,0.0,0.006414220000806381
1776115067,1463.488517314001,c920-overhead,43881.0,0.0,0.029705616001592716
1776115067,1463.488517314001,brio-room,43845.0,0.0,0.006126207001216244
1776115067,1463.488517314001,brio-synths,43849.0,0.0,0.009413333000338753
1776115072,1468.4900202690005,brio-operator,41064.0,0.0,0.02342680699985067
1776115072,1468.4900202690005,c920-desk,44041.0,0.0,0.02415456400012772
1776115072,1468.4900202690005,c920-room,44027.0,0.0,0.013697190001039417
1776115072,1468.4900202690005,c920-overhead,44032.0,0.0,9.678100104792975e-05
1776115072,1468.4900202690005,brio-room,43995.0,0.0,0.013499087999662152
1776115072,1468.4900202690005,brio-synths,43999.0,0.0,0.013899302000936586
1776115077,1473.4976401509994,brio-operator,41206.0,0.0,0.026754372998766485
1776115077,1473.4976401509994,c920-desk,44192.0,0.0,0.02922156999920844
1776115077,1473.4976401509994,c920-room,44179.0,0.0,0.018874926998250885
1776115077,1473.4976401509994,c920-overhead,44184.0,0.0,0.007434690998707083
1776115077,1473.4976401509994,brio-room,44147.0,0.0,0.019288470999526908
1776115077,1473.4976401509994,brio-synths,44151.0,0.0,0.019040928998947493
1776115082,1478.506986421,brio-operator,41346.0,0.0,0.029835837000064203
1776115082,1478.506986421,c920-desk,44343.0,0.0,0.0002191219991800608
1776115082,1478.506986421,c920-room,44329.0,0.0,0.03219121300026018
1776115082,1478.506986421,c920-overhead,44334.0,0.0,0.02104082999903767
1776115082,1478.506986421,brio-room,44297.0,0.0,0.028181288000268978
1776115082,1478.506986421,brio-synths,44301.0,0.0,0.028402830999766593
1776115087,1483.5110712839996,brio-operator,41486.0,0.0,0.030588804998842534
1776115087,1483.5110712839996,c920-desk,44493.0,0.0,0.008888757000022451
1776115087,1483.5110712839996,c920-room,44480.0,0.0,0.005937034999078605
1776115087,1483.5110712839996,c920-overhead,44485.0,0.0,0.026135125999644515
1776115087,1483.5110712839996,brio-room,44448.0,0.0,0.0007146079988160636
1776115087,1483.5110712839996,brio-synths,44452.0,0.0,0.0021665039985236945
1776115092,1488.5167142129994,brio-operator,41627.0,0.0,0.023823900999559555
1776115092,1488.5167142129994,c920-desk,44644.0,0.0,0.010830617999090464
1776115092,1488.5167142129994,c920-room,44631.0,0.0,0.007564612998976372
1776115092,1488.5167142129994,c920-overhead,44636.0,0.0,0.03283573899898329
1776115092,1488.5167142129994,brio-room,44599.0,0.0,0.004907112999717356
1776115092,1488.5167142129994,brio-synths,44603.0,0.0,0.005391738999605877
1776115097,1493.519618892,brio-operator,41768.0,0.0,0.02257248800015077
1776115097,1493.519618892,c920-desk,44795.0,0.0,0.01482664300056058
1776115097,1493.519618892,c920-room,44782.0,0.0,0.011297783999907551
1776115097,1493.519618892,c920-overhead,44786.0,0.0,0.0011253329994360683
1776115097,1493.519618892,brio-room,44750.0,0.0,0.0027220600004511653
1776115097,1493.519618892,brio-synths,44754.0,0.0,0.001743159000398009
1776115102,1498.521119213001,brio-operator,41908.0,0.0,0.014004634000229998
1776115102,1498.521119213001,c920-desk,44946.0,0.0,0.018767846000628197
1776115102,1498.521119213001,c920-room,44933.0,0.0,0.019433993000347982
1776115102,1498.521119213001,c920-overhead,44937.0,0.0,0.004999575001420453
1776115102,1498.521119213001,brio-room,44900.0,0.0,0.011648417999822414
1776115102,1498.521119213001,brio-synths,44904.0,0.0,0.01269292899996799
1776115107,1503.5221595410003,brio-operator,42049.0,0.0,0.010745536999820615
1776115107,1503.5221595410003,c920-desk,45097.0,0.0,0.01768677300060517
1776115107,1503.5221595410003,c920-room,45084.0,0.0,0.02173425699947984
1776115107,1503.5221595410003,c920-overhead,45088.0,0.0,0.01221532300041872
1776115107,1503.5221595410003,brio-room,45051.0,0.0,0.013460947000567103
1776115107,1503.5221595410003,brio-synths,45055.0,0.0,0.014129784000033396
1776115113,1508.524704196001,brio-operator,42190.0,0.0,0.0031486650004808325
1776115113,1508.524704196001,c920-desk,45248.0,0.0,0.020940130001690704
1776115113,1508.524704196001,c920-room,45235.0,0.0,0.021269264001603005
1776115113,1508.524704196001,c920-overhead,45240.0,0.0,0.011531417001606314
1776115113,1508.524704196001,brio-room,45203.0,0.0,0.013710101000469876
1776115113,1508.524704196001,brio-synths,45207.0,0.0,0.013582949000920053
1776115118,1513.5260033060003,brio-operator,42332.0,0.0,0.0008633889992779586
1776115118,1513.5260033060003,c920-desk,45400.0,0.0,0.02169346799928462
1776115118,1513.5260033060003,c920-room,45387.0,0.0,0.02636147900011565
1776115118,1513.5260033060003,c920-overhead,45392.0,0.0,0.015478179000638193
1776115118,1513.5260033060003,brio-room,45355.0,0.0,0.015663760999814258
1776115118,1513.5260033060003,brio-synths,45359.0,0.0,0.015295997000066563
1776115123,1518.5277187110005,brio-operator,42473.0,0.0,0.03510788399944431
1776115123,1518.5277187110005,c920-desk,45551.0,0.0,0.023055662000842858
1776115123,1518.5277187110005,c920-room,45538.0,0.0,0.02973977500005276
1776115123,1518.5277187110005,c920-overhead,45543.0,0.0,0.01724071799981175
1776115123,1518.5277187110005,brio-room,45506.0,0.0,0.016667062000124133
1776115123,1518.5277187110005,brio-synths,45510.0,0.0,0.017115427001044736
1776115128,1523.5311258870006,brio-operator,42614.0,0.0,0.034355567000602605
1776115128,1523.5311258870006,c920-desk,45702.0,0.0,0.028400451999914367
1776115128,1523.5311258870006,c920-room,45689.0,0.0,0.033764740001061
1776115128,1523.5311258870006,c920-overhead,45694.0,0.0,0.021547717000430566
1776115128,1523.5311258870006,brio-room,45657.0,0.0,0.020859719001236954
1776115128,1523.5311258870006,brio-synths,45661.0,0.0,0.02049852500022098
1776115133,1528.5328926740003,brio-operator,42755.0,0.0,0.02198432099976344
1776115133,1528.5328926740003,c920-desk,45854.0,0.0,0.021065570999780903
1776115133,1528.5328926740003,c920-room,45841.0,0.0,0.002569948999735061
1776115133,1528.5328926740003,c920-overhead,45846.0,0.0,0.021425684999485384
1776115133,1528.5328926740003,brio-room,45809.0,0.0,0.02112873199985188
1776115133,1528.5328926740003,brio-synths,45813.0,0.0,0.022275674000411527
1776115138,1534.534892777001,brio-operator,42909.0,0.0,0.02277209000021685
1776115138,1534.534892777001,c920-desk,46019.0,0.0,0.03440706700166629
1776115138,1534.534892777001,c920-room,46006.0,0.0,0.002655799000422121
1776115138,1534.534892777001,c920-overhead,46011.0,0.0,0.028528063001431292
1776115138,1534.534892777001,brio-room,45973.0,0.0,0.021093011000630213
1776115138,1534.534892777001,brio-synths,45977.0,0.0,0.021989271001075394
1776115143,1539.5407172579999,brio-operator,43055.0,0.0,0.025836512999376282
1776115143,1539.5407172579999,c920-desk,46175.0,0.0,0.0043096070003230125
1776115143,1539.5407172579999,c920-room,46163.0,0.0,0.012660108999625663
1776115143,1539.5407172579999,c920-overhead,46167.0,0.0,0.0033653669997875113
1776115143,1539.5407172579999,brio-room,46130.0,0.0,0.024992623999423813
1776115143,1539.5407172579999,brio-synths,46134.0,0.0,0.02631340799962345
1776115148,1544.5467151720004,brio-operator,43197.0,0.0,0.030544934999852558
1776115148,1544.5467151720004,c920-desk,46327.0,0.0,0.011302693999823532
1776115148,1544.5467151720004,c920-room,46315.0,0.0,0.014917223999873386
1776115148,1544.5467151720004,c920-overhead,46319.0,0.0,0.010491605000424897
1776115148,1544.5467151720004,brio-room,46282.0,0.0,0.03587852300006489
1776115148,1544.5467151720004,brio-synths,46286.0,0.0,0.004400879000968416
1776115154,1549.5489006339994,brio-operator,43337.0,0.0,0.0279370749994996
1776115154,1549.5489006339994,c920-desk,46479.0,0.0,0.013533027999073965
1776115154,1549.5489006339994,c920-room,46466.0,0.0,0.02699752499938768
1776115154,1549.5489006339994,c920-overhead,46471.0,0.0,0.013371925999308587
1776115154,1549.5489006339994,brio-room,46433.0,0.0,0.002083821998894564
1776115154,1549.5489006339994,brio-synths,46437.0,0.0,0.00583456399908755
1776115159,1554.5504602109995,brio-operator,43478.0,0.0,0.02541922799900931
1776115159,1554.5504602109995,c920-desk,46629.0,0.0,0.014649069998995401
1776115159,1554.5504602109995,c920-room,46616.0,0.0,0.02923420899969642
1776115159,1554.5504602109995,c920-overhead,46621.0,0.0,0.017964315999051905
1776115159,1554.5504602109995,brio-room,46584.0,0.0,0.0023704359991825186
1776115159,1554.5504602109995,brio-synths,46588.0,0.0,0.00573142299981555
1776115164,1559.5540861419995,brio-operator,43619.0,0.0,0.027959405999354203
1776115164,1559.5540861419995,c920-desk,46780.0,0.0,0.01759088299877476
1776115164,1559.5540861419995,c920-room,46768.0,0.0,0.0010189609984081471
1776115164,1559.5540861419995,c920-overhead,46772.0,0.0,0.02146842499860213
1776115164,1559.5540861419995,brio-room,46735.0,0.0,0.0042329469997639535
1776115164,1559.5540861419995,brio-synths,46739.0,0.0,0.003947212999264593
1776115169,1564.5568085539999,brio-operator,43760.0,0.0,0.019541554000170436
1776115169,1564.5568085539999,c920-desk,46932.0,0.0,0.01632525899913162
1776115169,1564.5568085539999,c920-room,46919.0,0.0,0.003305436999653466
1776115169,1564.5568085539999,c920-overhead,46924.0,0.0,0.02542956799879903
1776115169,1564.5568085539999,brio-room,46887.0,0.0,0.009019949000503402
1776115169,1564.5568085539999,brio-synths,46891.0,0.0,0.013498427999365958
1776115174,1569.5624113779995,brio-operator,43903.0,0.0,0.024829841999235214
1776115174,1569.5624113779995,c920-desk,47085.0,0.0,0.02460184899973683
1776115174,1569.5624113779995,c920-room,47072.0,0.0,0.01211902299837675
1776115174,1569.5624113779995,c920-overhead,47077.0,0.0,0.02427416499995161
1776115174,1569.5624113779995,brio-room,47039.0,0.0,0.01586244399913994
1776115174,1569.5624113779995,brio-synths,47043.0,0.0,0.01892256700011785
1776115179,1574.564727598001,brio-operator,44044.0,0.0,0.018266959999891696
1776115179,1574.564727598001,c920-desk,47236.0,0.0,0.0258907530005672
1776115179,1574.564727598001,c920-room,47224.0,0.0,0.01345048700022744
1776115179,1574.564727598001,c920-overhead,47228.0,0.0,0.001963772001545294
1776115179,1574.564727598001,brio-room,47191.0,0.0,0.016596372001004056
1776115179,1574.564727598001,brio-synths,47195.0,0.0,0.02038633300071524
1776115184,1580.566394128,brio-operator,44185.0,0.0,0.016892014999029925
1776115184,1580.566394128,c920-desk,47387.0,0.0,0.02461353899889218
1776115184,1580.566394128,c920-room,47375.0,0.0,0.013517027999114362
1776115184,1580.566394128,c920-overhead,47380.0,0.0,0.005399689000114449
1776115184,1580.566394128,brio-room,47342.0,0.0,0.019910928000172134
1776115184,1580.566394128,brio-synths,47346.0,0.0,0.023987122000107775
1776115189,1585.5758059660002,brio-operator,44329.0,0.0,0.02304223200007982
1776115189,1585.5758059660002,c920-desk,47542.0,0.0,0.0015704670004197396
1776115189,1585.5758059660002,c920-room,47530.0,0.0,0.02869409400045697
1776115189,1585.5758059660002,c920-overhead,47535.0,0.0,0.016456319999633706
1776115189,1585.5758059660002,brio-room,47497.0,0.0,0.02843233100065845
1776115189,1585.5758059660002,brio-synths,47501.0,0.0,0.03200051000021631
1776115194,1590.5777494539998,brio-operator,44470.0,0.0,0.02034232199912367
1776115194,1590.5777494539998,c920-desk,47693.0,0.0,0.0027823399996123044
1776115194,1590.5777494539998,c920-room,47681.0,0.0,0.029250718998810044
1776115194,1590.5777494539998,c920-overhead,47686.0,0.0,0.019675264999023057
1776115194,1590.5777494539998,brio-room,47648.0,0.0,0.025575009000021964
1776115194,1590.5777494539998,brio-synths,47652.0,0.0,0.001389664999805973
1776115199,1595.5785880759995,brio-operator,44612.0,0.0,0.025379786999110365
1776115199,1595.5785880759995,c920-desk,47845.0,0.0,0.008344740999746136
1776115199,1595.5785880759995,c920-room,47833.0,0.0,0.0001199509988509817
1776115199,1595.5785880759995,c920-overhead,47838.0,0.0,0.020245521000106237
1776115199,1595.5785880759995,brio-room,47800.0,0.0,0.03071914599968295
1776115199,1595.5785880759995,brio-synths,47804.0,0.0,0.0027808199993160088
1776115204,1600.5796359880005,brio-operator,44753.0,0.0,0.022970310999880894
1776115204,1600.5796359880005,c920-desk,47996.0,0.0,0.011971600999459042
1776115204,1600.5796359880005,c920-room,47984.0,0.0,0.0011470230001577875
1776115204,1600.5796359880005,c920-overhead,47989.0,0.0,0.023807870000382536
1776115204,1600.5796359880005,brio-room,47951.0,0.0,4.678100049204659e-05
1776115204,1600.5796359880005,brio-synths,47955.0,0.0,0.0035627689994726097
1776115209,1605.5810550450005,brio-operator,44894.0,0.0,0.02347596700019494
1776115209,1605.5810550450005,c920-desk,48147.0,0.0,0.009224671000993112
1776115209,1605.5810550450005,c920-room,48135.0,0.0,0.006818544999987353
1776115209,1605.5810550450005,c920-overhead,48140.0,0.0,0.02759978200083424
1776115209,1605.5810550450005,brio-room,48102.0,0.0,0.0019122110006719595
1776115209,1605.5810550450005,brio-synths,48106.0,0.0,0.004679091000070912
1776115214,1610.5827195269994,brio-operator,45035.0,0.0,0.02223203199901036
1776115214,1610.5827195269994,c920-desk,48298.0,0.0,0.01342202599880693
1776115214,1610.5827195269994,c920-room,48286.0,0.0,0.009795346999453614
1776115214,1610.5827195269994,c920-overhead,48291.0,0.0,0.02965529399989464
1776115214,1610.5827195269994,brio-room,48253.0,0.0,0.004740341999422526
1776115214,1610.5827195269994,brio-synths,48257.0,0.0,0.008364650999283185
1776115219,1615.5854551030006,brio-operator,45176.0,0.0,0.01482947200020135
1776115219,1615.5854551030006,c920-desk,48449.0,0.0,0.015936994001094718
1776115219,1615.5854551030006,c920-room,48437.0,0.0,0.014148825001029763
1776115219,1615.5854551030006,c920-overhead,48442.0,0.0,0.03250090500114311
1776115219,1615.5854551030006,brio-room,48404.0,0.0,0.005114326000693836
1776115219,1615.5854551030006,brio-synths,48408.0,0.0,0.009568755000145757
1776115224,1620.5889015880002,brio-operator,45316.0,0.0,0.04270427600022231
1776115224,1620.5889015880002,c920-desk,48600.0,0.0,0.0200462590000825
1776115224,1620.5889015880002,c920-room,48588.0,0.0,0.01929571000073338
1776115224,1620.5889015880002,c920-overhead,48592.0,0.0,0.00368042000081914
1776115224,1620.5889015880002,brio-room,48555.0,0.0,0.009523143999103922
1776115224,1620.5889015880002,brio-synths,48559.0,0.0,0.014068362999751116
1776115229,1625.590339114,brio-operator,45457.0,0.0,0.00794712700007949
1776115229,1625.590339114,c920-desk,48751.0,0.0,0.02105461999963154
1776115229,1625.590339114,c920-room,48739.0,0.0,0.019871426999088726
1776115229,1625.590339114,c920-overhead,48744.0,0.0,0.009115458999076509
1776115229,1625.590339114,brio-room,48706.0,0.0,0.009881517999019707
1776115229,1625.590339114,brio-synths,48710.0,0.0,0.014119863999439985
1776115234,1630.5937883340011,brio-operator,45598.0,0.0,0.0038152420002006693
1776115234,1630.5937883340011,c920-desk,48903.0,0.0,0.023055151001244667
1776115234,1630.5937883340011,c920-room,48891.0,0.0,0.027162826001585927
1776115234,1630.5937883340011,c920-overhead,48895.0,0.0,0.013438496000162559
1776115234,1630.5937883340011,brio-room,48857.0,0.0,0.014232525001716567
1776115234,1630.5937883340011,brio-synths,48862.0,0.0,0.01660437100144918
1776115239,1635.5969445829996,brio-operator,45740.0,0.0,0.0022455149992310908
1776115239,1635.5969445829996,c920-desk,49055.0,0.0,0.02656485999978031
1776115239,1635.5969445829996,c920-room,49043.0,0.0,0.027846064000186743
1776115239,1635.5969445829996,c920-overhead,49048.0,0.0,0.01863388399942778
1776115239,1635.5969445829996,brio-room,49010.0,0.0,0.017867034999653697
1776115239,1635.5969445829996,brio-synths,49014.0,0.0,0.020812707000004593
1776115244,1640.5991595039995,brio-operator,45882.0,0.0,0.033056491000024835
1776115244,1640.5991595039995,c920-desk,49207.0,0.0,0.02942412099946523
1776115244,1640.5991595039995,c920-room,49195.0,0.0,0.0019726119990082225
1776115244,1640.5991595039995,c920-overhead,49200.0,0.0,0.01975934599977336
1776115244,1640.5991595039995,brio-room,49162.0,0.0,0.023111041999072768
1776115244,1640.5991595039995,brio-synths,49166.0,0.0,0.022039120998670114
1776115250,1645.5999838019998,brio-operator,46023.0,0.0,0.03165460499985784
1776115250,1645.5999838019998,c920-desk,49359.0,0.0,0.031358172000182094
1776115250,1645.5999838019998,c920-room,49347.0,0.0,0.0019184809989383211
1776115250,1645.5999838019998,c920-overhead,49352.0,0.0,0.022036950998881366
1776115250,1645.5999838019998,brio-room,49314.0,0.0,0.02449748700018972
1776115250,1645.5999838019998,brio-synths,49318.0,0.0,0.022201601999768172
1776115255,1651.6033984940004,brio-operator,46185.0,0.0,0.019137077999403118
1776115255,1651.6033984940004,c920-desk,49532.0,0.0,0.00023114199939300306
1776115255,1651.6033984940004,c920-room,49520.0,0.0,0.008047327000895166
1776115255,1651.6033984940004,c920-overhead,49525.0,0.0,0.028949895000550896
1776115255,1651.6033984940004,brio-room,49487.0,0.0,0.02653108900085499
1776115255,1651.6033984940004,brio-synths,49491.0,0.0,0.02359891699961736
1776115260,1656.6071938990008,brio-operator,46326.0,0.0,0.016185997001230135
1776115260,1656.6071938990008,c920-desk,49684.0,0.0,0.003094683999734116
1776115260,1656.6071938990008,c920-room,49672.0,0.0,0.0035621189999801572
1776115260,1656.6071938990008,c920-overhead,49677.0,0.0,0.0006960379996598931
1776115260,1656.6071938990008,brio-room,49638.0,0.0,0.03142406300139555
1776115260,1656.6071938990008,brio-synths,49643.0,0.0,0.03066938499978278
1776115265,1661.608287336001,brio-operator,46467.0,0.0,0.014797111000007135
1776115265,1661.608287336001,c920-desk,49835.0,0.0,0.0068851050000375835
1776115265,1661.608287336001,c920-room,49823.0,0.0,0.015000733001215849
1776115265,1661.608287336001,c920-overhead,49827.0,0.0,0.003868832000080147
1776115265,1661.608287336001,brio-room,49789.0,0.0,0.03290047800146567
1776115265,1661.608287336001,brio-synths,49793.0,0.0,0.032421403000626015
1776115270,1666.6117361720007,brio-operator,46607.0,0.0,0.007176078001066344
1776115270,1666.6117361720007,c920-desk,49986.0,0.0,0.011311993001072551
1776115270,1666.6117361720007,c920-room,49974.0,0.0,0.014712210000652703
1776115270,1666.6117361720007,c920-overhead,49979.0,0.0,0.008029918000829639
1776115270,1666.6117361720007,brio-room,49940.0,0.0,0.03596858200035058
1776115270,1666.6117361720007,brio-synths,49944.0,0.0,0.00443734800137463
1776115275,1671.6133108499998,brio-operator,46748.0,0.0,0.03194361799978651
1776115275,1671.6133108499998,c920-desk,50136.0,0.0,0.012734728999930667
1776115275,1671.6133108499998,c920-room,50125.0,0.0,0.02078047599934507
1776115275,1671.6133108499998,c920-overhead,50129.0,0.0,0.01051772400023765
1776115275,1671.6133108499998,brio-room,50091.0,0.0,0.001962300999366562
1776115275,1671.6133108499998,brio-synths,50095.0,0.0,0.00570151200008695
1776115280,1676.624263564001,brio-operator,46888.0,0.0,0.033559076000528876
1776115280,1676.624263564001,c920-desk,50287.0,0.0,0.02122658200096339
1776115280,1676.624263564001,c920-room,50275.0,0.0,0.0025302580015704734
1776115280,1676.624263564001,c920-overhead,50280.0,0.0,0.022502626001369208
1776115280,1676.624263564001,brio-room,50242.0,0.0,0.010258652000629809
1776115280,1676.624263564001,brio-synths,50246.0,0.0,0.013110013000186882
1776115286,1681.6252124710009,brio-operator,47029.0,0.0,0.031047929000123986
1776115286,1681.6252124710009,c920-desk,50438.0,0.0,0.02194388899988553
1776115286,1681.6252124710009,c920-room,50427.0,0.0,0.0001226720014528837
1776115286,1681.6252124710009,c920-overhead,50431.0,0.0,0.02337084500140918
1776115286,1681.6252124710009,brio-room,50393.0,0.0,0.01323126500028593
1776115286,1681.6252124710009,brio-synths,50397.0,0.0,0.017052756000339286
1776115291,1686.6289199309995,brio-operator,47170.0,0.0,0.026908433999778936
1776115291,1686.6289199309995,c920-desk,50589.0,0.0,0.026805411998793716
1776115291,1686.6289199309995,c920-room,50578.0,0.0,0.00952207399859617
1776115291,1686.6289199309995,c920-overhead,50582.0,0.0,0.02909810799974366
1776115291,1686.6289199309995,brio-room,50544.0,0.0,0.01679686299939931
1776115291,1686.6289199309995,brio-synths,50548.0,0.0,0.01801922699996794
1776115296,1691.6297886329994,brio-operator,47310.0,0.0,0.015291236999473767
1776115296,1691.6297886329994,c920-desk,50740.0,0.0,0.028904084998430335
1776115296,1691.6297886329994,c920-room,50728.0,0.0,0.010467793999850983
1776115296,1691.6297886329994,c920-overhead,50733.0,0.0,0.000303592998534441
1776115296,1691.6297886329994,brio-room,50695.0,0.0,0.01666367199868546
1776115296,1691.6297886329994,brio-synths,50699.0,0.0,0.022005439999702503
1776115301,1696.630956041001,brio-operator,47451.0,0.0,0.012669458001255407
1776115301,1696.630956041001,c920-desk,50891.0,0.0,0.027137966000736924
1776115301,1696.630956041001,c920-room,50879.0,0.0,0.011681408001095406
1776115301,1696.630956041001,c920-overhead,50884.0,0.0,0.0005320260006556055
1776115301,1696.630956041001,brio-room,50845.0,0.0,0.018369021001490182
1776115301,1696.630956041001,brio-synths,50849.0,0.0,0.021866138000405044
1776115306,1701.6357477229994,brio-operator,47591.0,0.0,0.007970086999193882
1776115306,1701.6357477229994,c920-desk,51041.0,0.0,0.031877336999968975
1776115306,1701.6357477229994,c920-room,51030.0,0.0,0.021431762999782222
1776115306,1701.6357477229994,c920-overhead,51035.0,0.0,0.00776409499849251
1776115306,1701.6357477229994,brio-room,50996.0,0.0,0.02373566799906257
1776115306,1701.6357477229994,brio-synths,51000.0,0.0,0.026027552999948966
1776115311,1706.643562661,brio-operator,47732.0,0.0,0.010101960999236326
1776115311,1706.643562661,c920-desk,51192.0,0.0,0.009379422999700182
1776115311,1706.643562661,c920-room,51181.0,0.0,0.029008605999479187
1776115311,1706.643562661,c920-overhead,51185.0,0.0,0.017189247999340296
1776115311,1706.643562661,brio-room,51147.0,0.0,0.030625903998952708
1776115311,1706.643562661,brio-synths,51151.0,0.0,0.002434157000607229
1776115316,1711.6457545600006,brio-operator,47872.0,0.0,0.003337346999614965
1776115316,1711.6457545600006,c920-desk,51343.0,0.0,0.010909779000940034
1776115316,1711.6457545600006,c920-room,51331.0,0.0,0.0005233160009083804
1776115316,1711.6457545600006,c920-overhead,51336.0,0.0,0.02046956300000602
1776115316,1711.6457545600006,brio-room,51297.0,0.0,0.0026213689998257905
1776115316,1711.6457545600006,brio-synths,51301.0,0.0,0.004848522999964189
1776115321,1717.649166571,brio-operator,48027.0,0.0,0.03259166499992716
1776115321,1717.649166571,c920-desk,51509.0,0.0,0.007605393000631011
1776115321,1717.649166571,c920-room,51497.0,0.0,7.675099914195016e-05
1776115321,1717.649166571,c920-overhead,51502.0,0.0,0.024006231999010197
1776115321,1717.649166571,brio-room,51463.0,0.0,0.0004853649988945108
1776115321,1717.649166571,brio-synths,51467.0,0.0,0.0023892160006653285
1776115327,1723.650377168,brio-operator,48196.0,0.0,0.022499684999274905
1776115327,1723.650377168,c920-desk,51690.0,0.0,0.014735920000020997
1776115327,1723.650377168,c920-room,51679.0,0.0,0.007594233000418171
1776115327,1723.650377168,c920-overhead,51683.0,0.0,0.026065563999509322
1776115327,1723.650377168,brio-room,51645.0,0.0,0.006751323999196757
1776115327,1723.650377168,brio-synths,51649.0,0.0,0.009077558999706525
1776115332,1728.652714107,brio-operator,48338.0,0.0,0.03308545999971102
1776115332,1728.652714107,c920-desk,51842.0,0.0,0.017375739000272006
1776115332,1728.652714107,c920-room,51831.0,0.0,0.011089861000073142
1776115332,1728.652714107,c920-overhead,51836.0,0.0,0.03203745899918431
1776115332,1728.652714107,brio-room,51797.0,0.0,0.0080332580000686
1776115332,1728.652714107,brio-synths,51801.0,0.0,0.010122120000232826
1776115337,1733.6578951699994,brio-operator,48480.0,0.0,0.036001421000037226
1776115337,1733.6578951699994,c920-desk,51994.0,0.0,0.02253165499860188
1776115337,1733.6578951699994,c920-room,51983.0,0.0,0.016898422998565366
1776115337,1733.6578951699994,c920-overhead,51988.0,0.0,0.0026199879994237563
1776115337,1733.6578951699994,brio-room,51949.0,0.0,0.014439696999033913
1776115337,1733.6578951699994,brio-synths,51953.0,0.0,0.016140444999109604
1776115342,1738.6614255000004,brio-operator,48620.0,0.0,0.002569248999861884
1776115342,1738.6614255000004,c920-desk,52145.0,0.0,0.025897151999743073
1776115342,1738.6614255000004,c920-room,52134.0,0.0,0.0231553020003048
1776115342,1738.6614255000004,c920-overhead,52138.0,0.0,0.008677474999785773
1776115342,1738.6614255000004,brio-room,52099.0,0.0,0.01716531700003543
1776115342,1738.6614255000004,brio-synths,52103.0,0.0,0.020190499999444
1776115347,1743.6634152160004,brio-operator,48761.0,0.0,0.0008761600001889747
1776115347,1743.6634152160004,c920-desk,52296.0,0.0,0.02627705600025365
1776115347,1743.6634152160004,c920-room,52285.0,0.0,0.0224834649998229
1776115347,1743.6634152160004,c920-overhead,52289.0,0.0,0.011550346000149148
1776115347,1743.6634152160004,brio-room,52251.0,0.0,0.018766074999803095
1776115347,1743.6634152160004,brio-synths,52254.0,0.0,0.02057678399978613
1776115352,1748.6666748690004,brio-operator,48902.0,0.0,0.003283314999862341
1776115352,1748.6666748690004,c920-desk,52447.0,0.0,0.03192504700018617
1776115352,1748.6666748690004,c920-room,52436.0,0.0,0.02887590399950568
1776115352,1748.6666748690004,c920-overhead,52441.0,0.0,0.016974754000329995
1776115352,1748.6666748690004,brio-room,52402.0,0.0,0.02205643900015275
1776115352,1748.6666748690004,brio-synths,52406.0,0.0,0.02542190600070171
1776115358,1753.673153922,brio-operator,49043.0,0.0,0.0038880720003362512
1776115358,1753.673153922,c920-desk,52598.0,0.0,0.003356496999913361
1776115358,1753.673153922,c920-room,52587.0,0.0,0.0040031739990809
1776115358,1753.673153922,c920-overhead,52592.0,0.0,0.02488460099993972
1776115358,1753.673153922,brio-room,52553.0,0.0,0.028227496999534196
1776115358,1753.673153922,brio-synths,52557.0,0.0,4.423099926498253e-05
1776115363,1758.6746799840002,brio-operator,49185.0,0.0,0.007514011000239407
1776115363,1758.6746799840002,c920-desk,52750.0,0.0,0.001871219999884488
1776115363,1758.6746799840002,c920-room,52739.0,0.0,0.007730514000286348
1776115363,1758.6746799840002,c920-overhead,52744.0,0.0,0.027284746000077575
1776115363,1758.6746799840002,brio-room,52705.0,0.0,0.029725612999754958
1776115363,1758.6746799840002,brio-synths,52709.0,0.0,0.03257381399998849
1776115368,1763.676740197001,brio-operator,49326.0,0.0,0.004984264000086114
1776115368,1763.676740197001,c920-desk,52901.0,0.0,0.004733581999971648
1776115368,1763.676740197001,c920-room,52890.0,0.0,0.010898948999965796
1776115368,1763.676740197001,c920-overhead,52895.0,0.0,0.028805343001295114
1776115368,1763.676740197001,brio-room,52856.0,0.0,0.03028211000128067
1776115368,1763.676740197001,brio-synths,52860.0,0.0,0.0022384250005416106
